{
  "model_type": "xgboost",
  "target": "engagement",
  "timestamp": "20250802_002914",
  "metrics": {
    "train": {
      "likes": {
        "mse": 0.08492258936166763,
        "rmse": 0.29141480635284756,
        "mae": 0.13108666241168976,
        "r2": 0.9999732375144958
      },
      "shares": {
        "mse": 0.001453766948543489,
        "rmse": 0.03812829590400663,
        "mae": 0.023134350776672363,
        "r2": 0.9999966621398926
      },
      "comments": {
        "mse": 0.0036155616398900747,
        "rmse": 0.060129540492923066,
        "mae": 0.028305331245064735,
        "r2": 0.9999763369560242
      },
      "average": {
        "mse": 0.029997305983367067,
        "rmse": 0.12989088091659243,
        "mae": 0.06084211481114229,
        "r2": 0.9999820788701376
      }
    }
  },
  "feature_importance": {
    "media_type_text": 